genome_type,genome_name,model,replicate,median_orf_length,mean_orf_length,std_orf_length,q25_orf_length,q75_orf_length,iqr_orf_length,n_orfs,total_proteins,proteins_with_hit,proteins_no_hit,pct_no_hit
Natural,natural,Natural,NA,287.0,355.7420634920635,265.2584263318839,175.75,448.25,272.5,504,504,425,79,15.674603174603174
Synthetic,corrected_40b_40b_mgen_evo2_temp1.0_rep01,Evo2-40b,01,191.0,267.3527851458886,228.196689141279,135.0,317.0,182.0,377,377,31,346,91.77718832891246
Synthetic,corrected_40b_40b_mgen_evo2_temp1.0_rep02,Evo2-40b,02,155.0,213.34153846153845,152.03081121718125,119.0,247.0,128.0,325,325,20,305,93.84615384615384
Synthetic,corrected_40b_40b_mgen_evo2_temp1.0_rep03,Evo2-40b,03,136.0,203.2037914691943,243.34647293584976,114.0,192.0,78.0,211,211,15,196,92.89099526066352
Synthetic,corrected_7b_new_mgen_evo2_temp1.0_rep01,Evo2-7b,01,234.5,326.4159836065574,254.88176811878697,163.0,407.25,244.25,488,488,34,454,93.0327868852459
Synthetic,corrected_7b_new_mgen_evo2_temp1.0_rep02,Evo2-7b,02,239.0,381.1166253101737,660.2292974192169,162.5,398.5,236.0,403,403,17,386,95.7816377171216
Synthetic,corrected_7b_new_mgen_evo2_temp1.0_rep03,Evo2-7b,03,206.0,285.09980039920157,325.44998697182353,138.0,327.0,189.0,501,501,41,460,91.81636726546905
